Symbol,Name
AAPL,Apple Inc
MSFT,Microsoft Corporation Common Stock
GOOG,Alphabet Inc
GOOGL,Alphabet Inc
AMZN,Amazon
NVDA,NVIDIA Corporation Common Stock
META,Meta Platforms Inc
TSLA,Tesla Inc
AVGO,Broadcom Inc
PEP,PepsiCo Inc
COST,Costco Wholesale Corporation Common Stock
ADBE,Adobe Inc
CSCO,Cisco Systems Inc
CMCSA,Comcast Corporation Class A Common Stock
NFLX,Netflix Inc
AMD,Advanced Micro Devices Inc
TMUS,T-Mobile US Inc
TXN,Texas Instruments Incorporated Common Stock
INTC,Intel Corporation Common Stock
INTU,Intuit Inc
AMGN,Amgen Inc
QCOM,QUALCOMM Incorporated Common Stock
HON,Honeywell International Inc
AMAT,Applied Materials Inc
SBUX,Starbucks Corporation Common Stock
BKNG,Booking Holdings Inc
ISRG,Intuitive Surgical Inc
ADP,Automatic Data Processing Inc
MDLZ,Mondelez International Inc
GILD,Gilead Sciences Inc
ADI,Analog Devices Inc
VRTX,Vertex Pharmaceuticals Incorporated Common Stock
LRCX,Lam Research Corporation Common Stock
REGN,Regeneron Pharmaceuticals Inc
ABNB,Airbnb Inc
MU,Micron Technology Inc
CME,CME Group Inc
EQIX,Equinix Inc
ATVI,Activision Blizzard Inc
PYPL,PayPal Holdings Inc
KLAC,KLA Corporation Common Stock
PANW,Palo Alto Networks Inc
SNPS,Synopsys Inc
CHTR,Charter Communications Inc
CDNS,Cadence Design Systems Inc
CSX,CSX Corporation Common Stock
MNST,Monster Beverage Corporation
MAR,Marriott International Class A Common Stock
WDAY,Workday Inc
ORLY,O'Reilly Automotive Inc
ROP,Roper Technologies Inc
CTAS,Cintas Corporation Common Stock
KDP,Keurig Dr Pepper Inc
FTNT,Fortinet Inc
ODFL,Old Dominion Freight Line Inc
MCHP,Microchip Technology Incorporated Common Stock
ADSK,Autodesk Inc
PAYX,Paychex Inc
PCAR,PACCAR Inc
DXCM,DexCom Inc
CPRT,Copart Inc
IDXX,IDEXX Laboratories Inc
KHC,The Kraft Heinz Company Common Stock
ON,ON Semiconductor Corporation Common Stock
AEP,American Electric Power Company Inc
MRVL,Marvell Technology Inc
EXC,Exelon Corporation Common Stock
ROST,Ross Stores Inc
BIIB,Biogen Inc
FWONK,Liberty Media Corporation Series C Liberty Formula One Common Stock
MRNA,Moderna Inc
TTD,The Trade Desk Inc
SGEN,Seagen Inc
CRWD,CrowdStrike Holdings Inc
CTSH,Cognizant Technology Solutions Corporation Class A Common Stock
BKR,Baker Hughes Company Class A Common Stock
FWONA,Liberty Media Corporation Series A Liberty Formula One Common Stock
CEG,Constellation Energy Corporation Common Stock 
VRSK,Verisk Analytics Inc
EA,Electronic Arts Inc
CSGP,CoStar Group Inc
FAST,Fastenal Company Common Stock
WBD,Warner Bros
XEL,Xcel Energy Inc
DLTR,Dollar Tree Inc
GFS,GlobalFoundries Inc
DDOG,Datadog Inc
ILMN,Illumina Inc
CDW,CDW Corporation Common Stock
ALGN,Align Technology Inc
FANG,Diamondback Energy Inc
ANSS,ANSYS Inc
BATRA,Atlanta Braves Holdings Inc
MDB,MongoDB Inc
SABRP,Sabre Corporation 6
HBANP,Huntington Bancshares Incorporated Depositary Shares 4
TROW,T
DKNG,DraftKings Inc
NDAQ,Nasdaq Inc
WBA,Walgreens Boots Alliance Inc
MPWR,Monolithic Power Systems Inc
SBAC,SBA Communications Corporation Class A Common Stock
SYM,Symbotic Inc
TSCO,Tractor Supply Company Common Stock
TTWO,Take-Two Interactive Software Inc
EBAY,eBay Inc
ULTA,Ulta Beauty Inc
ALNY,Alnylam Pharmaceuticals Inc
FSLR,First Solar Inc
VRSN,VeriSign Inc
BATRK,Atlanta Braves Holdings Inc
FCNCA,First Citizens BancShares Inc
ZS,Zscaler Inc
JBHT,J
RIVN,Rivian Automotive Inc
ZM,Zoom Video Communications Inc
TW,Tradeweb Markets Inc
COIN,Coinbase Global Inc
ENPH,Enphase Energy Inc
PFG,Principal Financial Group Inc Common Stock
HOLX,Hologic Inc
FITB,Fifth Third Bancorp Common Stock
RPRX,Royalty Pharma plc Class A Ordinary Shares 
SIRI,Sirius XM Holdings Inc
STLD,Steel Dynamics Inc
FITBI,Fifth Third Bancorp Depositary Shares
LPLA,LPL Financial Holdings Inc
SWKS,Skyworks Solutions Inc
PTC,PTC Inc
EXPD,Expeditors International of Washington Inc
WMG,Warner Music Group Corp
UAL,United Airlines Holdings Inc
BMRN,BioMarin Pharmaceutical Inc
HBAN,Huntington Bancshares Incorporated Common Stock
CINF,Cincinnati Financial Corporation Common Stock
FITBP,Fifth Third Bancorp Depositary Shares each representing 1/40th share of Fifth Third 6
FOXA,Fox Corporation Class A Common Stock
NTAP,NetApp Inc
SPLK,Splunk Inc
NTRS,Northern Trust Corporation Common Stock
TER,Teradyne Inc
EXPE,Expedia Group Inc
AKAM,Akamai Technologies Inc
PODD,Insulet Corporation Common Stock
FOX,Fox Corporation Class B Common Stock
LCID,Lucid Group Inc
AXON,Axon Enterprise Inc
EXAS,Exact Sciences Corporation Common Stock
AGNCN,AGNC Investment Corp
ENTG,Entegris Inc
INCY,Incyte Corp
POOL,Pool Corporation Common Stock
LKQ,LKQ Corporation Common Stock
SMCI,Super Micro Computer Inc
CELH,Celsius Holdings Inc
AGNCO,AGNC Investment Corp
SSNC,SS&C Technologies Holdings Inc
QRTEP,Qurate Retail Inc
BSY,Bentley Systems Incorporated Class B Common Stock
AGNCM,AGNC Investment Corp
FITBO,Fifth Third Bancorp Depositary Shares each representing a 1/1000th ownership interest in a share of Non-Cumulative Perpetual Preferred Stock Series K
LSXMB,Liberty Media Corporation Series B Liberty SiriusXM Common Stock
APP,Applovin Corporation Class A Common Stock
TRMB,Trimble Inc
NDSN,Nordson Corporation Common Stock
APA,APA Corporation Common Stock
LSXMK,Liberty Media Corporation Series C Liberty SiriusXM Common Stock
WDC,Western Digital Corporation Common Stock
LBRDA,Liberty Broadband Corporation Class A Common Stock
ZBRA,Zebra Technologies Corporation Class A Common Stock
LSXMA,Liberty Media Corporation Series A Liberty SiriusXM Common Stock
LBRDK,Liberty Broadband Corporation Class C Common Stock
GEN,Gen Digital Inc
VTRS,Viatris Inc
TECH,Bio-Techne Corp Common Stock
ERIE,Erie Indemnity Company Class A Common Stock
EVRG,Evergy Inc
Z,Zillow Group Inc
LNT,Alliant Energy Corporation Common Stock
AGNCP,AGNC Investment Corp
ZG,Zillow Group Inc
AZPN,Aspen Technology Inc
NWS,News Corporation Class B Common Stock
MTCH,Match Group Inc
JKHY,Jack Henry & Associates Inc
GLPI,Gaming and Leisure Properties Inc
NWSA,News Corporation Class A Common Stock
LSCC,Lattice Semiconductor Corporation Common Stock
VLYPO,Valley National Bancorp 5
PARAA,Paramount Global Class A Common Stock
MANH,Manhattan Associates Inc
CZR,Caesars Entertainment Inc
OKTA,Okta Inc
ROKU,Roku Inc
OCCIN,OFS Credit Company Inc
LEGN,Legend Biotech Corporation American Depositary Shares
HST,Host Hotels & Resorts Inc
WYNN,Wynn Resorts Limited Common stock
SAIA,Saia Inc
CG,The Carlyle Group Inc
CHK,Chesapeake Energy Corporation Common Stock
PCTY,Paylocity Holding Corporation Common Stock
CHRW,C
REG,Regency Centers Corporation Common Stock
LECO,Lincoln Electric Holdings Inc
UTHR,United Therapeutics Corporation Common Stock
FIVE,Five Below Inc
ARCC,Ares Capital Corporation Common Stock
LOGI,Logitech International S
PAA,Plains All American Pipeline L
SRPT,Sarepta Therapeutics Inc
VLYPP,Valley National Bancorp 6
AAL,American Airlines Group Inc
NBIX,Neurocrine Biosciences Inc
OZK,Bank OZK Common Stock
CFLT,Confluent Inc
QRVO,Qorvo Inc
BRKR,Bruker Corporation Common Stock
HSIC,Henry Schein Inc
DOCU,DocuSign Inc
IBKR,Interactive Brokers Group Inc
DBX,Dropbox Inc
ETSY,Etsy Inc
RGEN,Repligen Corporation Common Stock
PARA,Paramount Global Class B Common Stock
HOOD,Robinhood Markets Inc
OZKAP,Bank OZK 4
IEP,Icahn Enterprises L
FFIV,F5 Inc
MORN,Morningstar Inc
CHDN,Churchill Downs Incorporated Common Stock
CASY,Casey's General Stores Inc
HAS,Hasbro Inc
LAMR,Lamar Advertising Company Class A Common Stock
TTEK,Tetra Tech Inc
CAR,Avis Budget Group Inc
MKTX,MarketAxess Holdings Inc
SWAV,ShockWave Medical Inc
CGNX,Cognex Corporation Common Stock
WSC,WillScot Mobile Mini Holdings Corp
SOFI,SoFi Technologies Inc
TPG,TPG Inc
SEIC,SEI Investments Company Common Stock
MEDP,Medpace Holdings Inc
XRAY,DENTSPLY SIRONA Inc
EWBC,East West Bancorp Inc
MIDD,Middleby Corporation (The) Common Stock
NATI,National Instruments Corporation Common Stock
GNTX,Gentex Corporation Common Stock
MAT,Mattel Inc
WWD,Woodward Inc
ALGM,Allegro MicroSystems Inc
RGLD,Royal Gold Inc
ZI,ZoomInfo Technologies Inc Common Stock
OLED,Universal Display Corporation Common Stock
CHX,ChampionX Corporation Common Stock 
TXRH,Texas Roadhouse Inc
ACHC,Acadia Healthcare Company Inc
LSTR,Landstar System Inc
NTNX,Nutanix Inc
RCM,R1 RCM Inc
GTLB,GitLab Inc
LNW,Light & Wonder Inc
EXEL,Exelixis Inc
KRTX,Karuna Therapeutics Inc
COKE,Coca-Cola Consolidated Inc
CCCS,CCC Intelligent Solutions Holdings Inc
FRSH,Freshworks Inc
NTRA,Natera Inc
CBSH,Commerce Bancshares Inc
LFUS,Littelfuse Inc
AMKR,Amkor Technology Inc
RETA,Reata Pharmaceuticals Inc
CHRD,Chord Energy Corporation Common Stock
MKSI,MKS Instruments Inc
UFPI,UFP Industries Inc
SPSC,SPS Commerce Inc
CACC,Credit Acceptance Corporation Common Stock
IRDM,Iridium Communications Inc Common Stock
OPCH,Option Care Health Inc
WFRD,Weatherford International plc Ordinary Shares
AMAM,Ambrx Biopharma Inc
CROX,Crocs Inc
PPC,Pilgrim's Pride Corporation Common Stock
SIGI,Selective Insurance Group Inc
APPF,AppFolio Inc
HQY,HealthEquity Inc
RMBS,Rambus Inc
MASI,Masimo Corporation Common Stock
REYN,Reynolds Consumer Products Inc
TXG,10x Genomics Inc
AGNC,AGNC Investment Corp
NFE,New Fortress Energy Inc
HALO,Halozyme Therapeutics Inc
IONS,Ionis Pharmaceuticals Inc
SSB,SouthState Corporation Common Stock
DUOL,Duolingo Inc
NXST,Nexstar Media Group Inc
HCP,HashiCorp Inc
BOKF,BOK Financial Corporation Common Stock
NOVT,Novanta Inc
PLUG,Plug Power Inc
ACLS,Axcelis Technologies Inc
HTZ,Hertz Global Holdings Inc Common Stock
ITCI,Intra-Cellular Therapies Inc
ZION,Zions Bancorporation N
QLYS,Qualys Inc
ENSG,The Ensign Group Inc
MSTR,MicroStrategy Incorporated Common Stock Class A
PNFP,Pinnacle Financial Partners Inc
MTSI,MACOM Technology Solutions Holdings Inc
AUR,Aurora Innovation Inc
NSIT,Insight Enterprises Inc
TENB,Tenable Holdings Inc
AAON,AAON Inc
BECN,Beacon Roofing Supply Inc
BBIO,BridgeBio Pharma Inc
ALTR,Altair Engineering Inc
LANC,Lancaster Colony Corporation Common Stock
NEOG,Neogen Corporation Common Stock
QDEL,QuidelOrtho Corporation Common Stock
FIZZ,National Beverage Corp
WTFC,Wintrust Financial Corporation Common Stock
HLNE,Hamilton Lane Incorporated Class A Common Stock
FIVN,Five9 Inc
BPOP,Popular Inc
IAC,IAC Inc
WING,Wingstop Inc
VLY,Valley National Bancorp Common Stock
IPGP,IPG Photonics Corporation Common Stock
ONB,Old National Bancorp Common Stock
POWI,Power Integrations Inc
SHC,Sotera Health Company Common Stock
EXLS,ExlService Holdings Inc
LNTH,Lantheus Holdings Inc
FOXF,Fox Factory Holding Corp
CWST,Casella Waste Systems Inc
ACT,Enact Holdings Inc
RRR,Red Rock Resorts Inc
COLM,Columbia Sportswear Company Common Stock
OLLI,Ollie's Bargain Outlet Holdings Inc
VNOM,Viper Energy Partners LP Common Unit
ACAD,ACADIA Pharmaceuticals Inc
WEN,Wendy's Company (The) Common Stock
EXPO,Exponent Inc
AFRM,Affirm Holdings Inc
SLAB,Silicon Laboratories Inc
UBSI,United Bankshares Inc
BCPC,Balchem Corporation Common Stock
SYNH,Syneos Health Inc
FFIN,First Financial Bankshares Inc
CRUS,Cirrus Logic Inc
LYFT,Lyft Inc
IPAR,Inter Parfums Inc
NWL,Newell Brands Inc
FELE,Franklin Electric Co
ASO,Academy Sports and Outdoors Inc
COLB,Columbia Banking System Inc
SGRY,Surgery Partners Inc
FYBR,Frontier Communications Parent Inc
PCVX,Vaxcyte Inc
OXLCM,Oxford Lane Capital Corp
SRCL,Stericycle Inc
FCFS,FirstCash Holdings Inc
FLNC,Fluence Energy Inc
NTRSO,Northern Trust Corporation Depositary Shares Each Representing a 1/1000th Interest in a Share of Series E Non-Cumulative Perpetual Preferred Stock
AEIS,Advanced Energy Industries Inc
GH,Guardant Health Inc
AVT,Avnet Inc
EEFT,Euronet Worldwide Inc
RELY,Remitly Global Inc
PECO,Phillips Edison & Company Inc
DISH,DISH Network Corporation Class A Common Stock
TFSL,TFS Financial Corporation Common Stock
EXTR,Extreme Networks Inc
OXLCL,Oxford Lane Capital Corp
FOCS,Focus Financial Partners Inc
NARI,Inari Medical Inc
BRZE,Braze Inc
PYCR,Paycor HCM Inc
BLKB,Blackbaud Inc
APLS,Apellis Pharmaceuticals Inc
PEGA,Pegasystems Inc
MMSI,Merit Medical Systems Inc
VC,Visteon Corporation Common Stock
SFM,Sprouts Farmers Market Inc
PCH,PotlatchDeltic Corporation Common Stock
CNXC,Concentrix Corporation Common Stock
VSAT,ViaSat Inc
FRPT,Freshpet Inc
COOP,Mr
FOLD,Amicus Therapeutics Inc
OTTR,Otter Tail Corporation Common Stock
ZIONO,Zions Bancorporation N
PENN,PENN Entertainment Inc
IMGN,ImmunoGen Inc
CRVL,CorVel Corp
GT,The Goodyear Tire & Rubber Company Common Stock
ZIONL,Zions Bancorporation 6
DIOD,Diodes Incorporated Common Stock
HWC,Hancock Whitney Corporation Common Stock
PGNY,Progyny Inc
SHLS,Shoals Technologies Group Inc
SYNA,Synaptics Incorporated Common Stock $0
SMPL,The Simply Good Foods Company Common Stock
RUN,Sunrun Inc
RUSHB,Rush Enterprises Inc
IRTC,iRhythm Technologies Inc
IART,Integra LifeSciences Holdings Corporation Common Stock
APPN,Appian Corporation Class A Common Stock
ARRY,Array Technologies Inc
FTAI,FTAI Aviation Ltd
LITE,Lumentum Holdings Inc
EXPI,eXp World Holdings Inc
CERE,Cerevel Therapeutics Holdings Inc
DHCNL,Diversified Healthcare Trust 6
CCOI,Cogent Communications Holdings Inc
UCBI,United Community Banks Inc
ICUI,ICU Medical Inc
NTLA,Intellia Therapeutics Inc
RUSHA,Rush Enterprises Inc
FLYW,Flywire Corporation Voting Common Stock
AXSM,Axsome Therapeutics Inc
URBN,Urban Outfitters Inc
AZTA,Azenta Inc
KRYS,Krystal Biotech Inc
DNLI,Denali Therapeutics Inc
VRNS,Varonis Systems Inc
PDCO,Patterson Companies Inc
SLM,SLM Corporation Common Stock
GO,Grocery Outlet Holding Corp
VICR,Vicor Corporation Common Stock
LOPE,Grand Canyon Education Inc
UMBF,UMB Financial Corporation Common Stock
PRTA,Prothena Corporation plc Ordinary Shares
RVMD,Revolution Medicines Inc
VRRM,Verra Mobility Corporation Class A Common Stock
JJSF,J & J Snack Foods Corp
STEP,StepStone Group Inc
LBRDP,Liberty Broadband Corporation Series A Cumulative Redeemable Preferred Stock
ITRI,Itron Inc
BANF,BancFirst Corporation Common Stock
INSM,Insmed Incorporated Common Stock
BHF,Brighthouse Financial Inc
MDGL,Madrigal Pharmaceuticals Inc
CORT,Corcept Therapeutics Incorporated Common Stock
BL,BlackLine Inc
NWE,NorthWestern Corporation Common Stock
PINC,Premier Inc
PRVA,Privia Health Group Inc
LGIH,LGI Homes Inc
SANM,Sanmina Corporation Common Stock
ZD,Ziff Davis Inc
ARWR,Arrowhead Pharmaceuticals Inc
PTCT,PTC Therapeutics Inc
PAGP,Plains GP Holdings L
BPMC,Blueprint Medicines Corporation Common Stock
PTEN,Patterson-UTI Energy Inc
TWNK,Hostess Brands Inc
CVLT,Commvault Systems Inc
CYTK,Cytokinetics Incorporated Common Stock
RPD,Rapid7 Inc
VIRT,Virtu Financial Inc
AXNX,Axonics Inc
RKLB,Rocket Lab USA Inc
LFST,LifeStance Health Group Inc
AMED,Amedisys Inc Common Stock
TCBI,Texas Capital Bancshares Inc
WDFC,WD-40 Company Common Stock
MQ,Marqeta Inc
OMCL,Omnicell Inc
GDRX,GoodRx Holdings Inc
ABCB,Ameris Bancorp Common Stock
HTZWW,Hertz Global Holdings Inc Warrant
ZIONP,Zions Bancorporation N
VERX,Vertex Inc
FIBK,First Interstate BancSystem Inc
SITM,SiTime Corporation Common Stock
UPST,Upstart Holdings Inc
CSWI,CSW Industrials Inc
SBRA,Sabra Health Care REIT Inc
PACB,Pacific Biosciences of California Inc
LTRPB,Liberty TripAdvisor Holdings Inc
ALRM,Alarm
AMBA,Ambarella Inc
BRP,BRP Group Inc
IBOC,International Bancshares Corporation Common Stock
WERN,Werner Enterprises Inc
NCNO,nCino Inc
POWWP,AMMO Inc
SCPL,SciPlay Corporation Class A Common Stock
WIRE,Encore Wire Corporation Common Stock
FTDR,Frontdoor Inc
IMVT,Immunovant Inc
FROG,JFrog Ltd
RTLPP,The Necessity Retail REIT Inc
CERT,Certara Inc
PTON,Peloton Interactive Inc
MGPI,MGP Ingredients Inc
RIOT,Riot Platforms Inc
RARE,Ultragenyx Pharmaceutical Inc
MGEE,MGE Energy Inc
HUBG,Hub Group Inc
DORM,Dorman Products Inc
PZZA,Papa John's International Inc
IOSP,Innospec Inc
PLXS,Plexus Corp
AMPH,Amphastar Pharmaceuticals Inc
SDGR,Schrodinger Inc
CATY,Cathay General Bancorp Common Stock
AKRO,Akero Therapeutics Inc
WSFS,WSFS Financial Corporation Common Stock
SHOO,Steven Madden Ltd
PRGS,Progress Software Corporation Common Stock (DE)
MARA,Marathon Digital Holdings Inc
MORF,Morphic Holding Inc
CVBF,CVB Financial Corporation Common Stock
SPT,Sprout Social Inc Class A Common Stock
ACIW,ACI Worldwide Inc
ACVA,ACV Auctions Inc
ENVX,Enovix Corporation Common Stock
EBC,Eastern Bankshares Inc
PSEC,Prospect Capital Corporation Common Stock
DRVN,Driven Brands Holdings Inc
ARLP,Alliance Resource Partners L
ARCB,ArcBest Corporation Common Stock
CVCO,Cavco Industries Inc
BGC,BGC Group Inc
MRVI,Maravai LifeSciences Holdings Inc
FHB,First Hawaiian Inc
GBDC,Golub Capital BDC Inc
UCBIO,United Community Banks Inc
INDB,Independent Bank Corp
LAZR,Luminar Technologies Inc
MGRC,McGrath RentCorp Common Stock
STRL,Sterling Infrastructure Inc
FORM,FormFactor Inc
FTAIO,FTAI Aviation Ltd
ICFI,ICF International Inc
ATRC,AtriCure Inc
NMIH,NMI Holdings Inc
NUVL,Nuvalent Inc
FTAIP,FTAI Aviation Ltd
MYRG,MYR Group Inc
AVAV,AeroVironment Inc
CENT,Central Garden & Pet Company Common Stock
PSMT,PriceSmart Inc
XRX,Xerox Holdings Corporation Common Stock
SFNC,Simmons First National Corporation Class A Common Stock
GSHD,Goosehead Insurance Inc
LZ,LegalZoom
BMBL,Bumble Inc
MRTX,Mirati Therapeutics Inc
XPEL,XPEL Inc
PPBI,Pacific Premier Bancorp Inc
VIAV,Viavi Solutions Inc
OPEN,Opendoor Technologies Inc Common Stock
VRNT,Verint Systems Inc
SOVO,Sovos Brands Inc
JSM,Navient Corporation 6% Senior Notes due December 15 2043
FBIOP,Fortress Biotech Inc
CALM,Cal-Maine Foods Inc
LAUR,Laureate Education Inc
FULT,Fulton Financial Corporation Common Stock
INTA,Intapp Inc
PCTTU,PureCycle Technologies Inc
CENTA,Central Garden & Pet Company Class A Common Stock Nonvoting
FA,First Advantage Corporation Common Stock
IDCC,InterDigital Inc
CRCT,Cricut Inc
JAMF,Jamf Holding Corp
IAS,Integral Ad Science Holding Corp
JBLU,JetBlue Airways Corporation Common Stock
ROCK,Gibraltar Industries Inc
TRIP,TripAdvisor Inc
CRDO,Credo Technology Group Holding Ltd Ordinary Shares
BLMN,Bloomin' Brands Inc
VCTR,Victory Capital Holdings Inc
DNUT,Krispy Kreme Inc
WOOF,Petco Health and Wellness Company Inc
NAVI,Navient Corporation Common Stock
RDNT,RadNet Inc
PRFT,Perficient Inc
HTIBP,Healthcare Trust Inc
NUVA,NuVasive Inc
FFBC,First Financial Bancorp
AVDX,AvidXchange Holdings Inc
PAYO,Payoneer Global Inc
STAA,STAAR Surgical Company Common Stock
KTOS,Kratos Defense & Security Solutions Inc
CARG,CarGurus Inc
TBBK,The Bancorp Inc Common Stock
TMDX,TransMedics Group Inc
MRCY,Mercury Systems Inc Common Stock
NYMTM,New York Mortgage Trust Inc
HWCPZ,Hancock Whitney Corporation 6
THRM,Gentherm Inc Common Stock
NTCT,NetScout Systems Inc
SNEX,StoneX Group Inc
RXRX,Recursion Pharmaceuticals Inc
EVCM,EverCommerce Inc
BEAM,Beam Therapeutics Inc
ZNTL,Zentalis Pharmaceuticals Inc
SBCF,Seacoast Banking Corporation of Florida Common Stock
OSIS,OSI Systems Inc
SATS,EchoStar  Corporation Common Stock
WAFD,Washington Federal Inc
HRMY,Harmony Biosciences Holdings Inc
HTIA,Healthcare Trust Inc
GPRE,Green Plains Inc
LILA,Liberty Latin America Ltd
CBRL,Cracker Barrel Old Country Store Inc Common Stock
NYMTN,New York Mortgage Trust Inc
HURN,Huron Consulting Group Inc
LILAK,Liberty Latin America Ltd
ALGT,Allegiant Travel Company Common Stock
VTYX,Ventyx Biosciences Inc
HPK,HighPeak Energy Inc
AHCO,AdaptHealth Corp
FWRD,Forward Air Corporation Common Stock
FRME,First Merchants Corporation Common Stock
TNDM,Tandem Diabetes Care Inc
TOWN,TowneBank Common Stock
CLBK,Columbia Financial Inc
UPWK,Upwork Inc
ROAD,Construction Partners Inc
HLMN,Hillman Solutions Corp
AMEH,Apollo Medical Holdings Inc
VCYT,Veracyte Inc
DVAX,Dynavax Technologies Corporation Common Stock
MRTN,Marten Transport Ltd
ODP,The ODP Corporation Common Stock
PATK,Patrick Industries Inc
SWTX,SpringWorks Therapeutics Inc
SABR,Sabre Corporation Common Stock
IBTX,Independent Bank Group Inc Common Stock
AGYS,Agilysys Inc
ROIC,Retail Opportunity Investments Corp
STRA,Strategic Education Inc
ATEC,Alphatec Holdings Inc
SONO,Sonos Inc
PCT,PureCycle Technologies Inc
MXL,MaxLinear Inc
NEO,NeoGenomics Inc
VIR,Vir Biotechnology Inc
SKYW,SkyWest Inc
PLAY,Dave & Buster's Entertainment Inc
COHU,Cohu Inc
IOVA,Iovance Biotherapeutics Inc
HEES,H&E Equipment Services Inc
PLUS,ePlus inc
CAKE,Cheesecake Factory Incorporated (The) Common Stock
CSGS,CSG Systems International Inc
UPBD,Upbound Group Inc
ANDE,Andersons Inc
SNCRL,Synchronoss Technologies Inc
OLPX,Olaplex Holdings Inc
RNST,Renasant Corporation Common Stock
VECO,Veeco Instruments Inc
SUPN,Supernus Pharmaceuticals Inc
RVNC,Revance Therapeutics Inc
PNFPP,Pinnacle Financial Partners Inc
PCRX,Pacira BioSciences Inc
NYMTL,New York Mortgage Trust Inc
JACK,Jack In The Box Inc
ARHS,Arhaus Inc
TGTX,TG Therapeutics Inc
UDMY,Udemy Inc
GOGO,Gogo Inc
PI,Impinj Inc
NWLI,National Western Life Group Inc
NVEE,NV5 Global Inc
SMTC,Semtech Corporation Common Stock
CRSR,Corsair Gaming Inc
ACLX,Arcellx Inc
WSBC,WesBanco Inc
RILY,B
TFIN,Triumph Financial Inc
ULCC,Frontier Group Holdings Inc
BANR,Banner Corporation Common Stock
NBTB,NBT Bancorp Inc
ATSG,Air Transport Services Group Inc
TWKS,Thoughtworks Holding Inc
NYMTZ,New York Mortgage Trust Inc
CPRX,Catalyst Pharmaceuticals Inc
IMKTA,Ingles Markets Incorporated Class A Common Stock
IRWD,Ironwood Pharmaceuticals Inc
BHFAO,Brighthouse Financial Inc
COCO,The Vita Coco Company Inc
ERII,Energy Recovery Inc
ADUS,Addus HomeCare Corporation Common Stock
OCSL,Oaktree Specialty Lending Corporation Common Stock
TRMK,Trustmark Corporation Common Stock
AGIO,Agios Pharmaceuticals Inc
VCEL,Vericel Corporation Common Stock
BHFAL,Brighthouse Financial Inc
EFSC,Enterprise Financial Services Corporation Common Stock
PTVE,Pactiv Evergreen Inc
GERN,Geron Corporation Common Stock
GCMG,GCM Grosvenor Inc
MLKN,MillerKnoll Inc
TTMI,TTM Technologies Inc
UCTT,Ultra Clean Holdings Inc
NWBI,Northwest Bancshares Inc
RYTM,Rhythm Pharmaceuticals Inc
EYE,National Vision Holdings Inc
RADI,Radius Global Infrastructure Inc
MDRX,Veradigm Inc
NVTS,Navitas Semiconductor Corporation Common Stock
SEAT,Vivid Seats Inc
PRCT,PROCEPT BioRobotics Corporation Common Stock
VKTX,Viking Therapeutics Inc
CLDX,Celldex Therapeutics Inc
MYGN,Myriad Genetics Inc
TH,Target Hospitality Corp
BHFAP,Brighthouse Financial Inc
ALKT,Alkami Technology Inc
VRTS,Virtus Investment Partners Inc
WTFCP,Wintrust Financial Corporation Depositary Shares Each Representing a 1/1000th Interest in a Share of 6
PLAB,Photronics Inc
MSEX,Middlesex Water Company Common Stock
OSTK,Overstock
SCHL,Scholastic Corporation Common Stock
IDYA,IDEAYA Biosciences Inc
SPWR,SunPower Corporation Common Stock
SYBT,Stock Yards Bancorp Inc
CHCO,City Holding Company Common Stock
SVC,Service Properties Trust Common Stock
LKFN,Lakeland Financial Corporation Common Stock
NKLA,Nikola Corporation Common Stock
CSSEN,Chicken Soup for the Soul Entertainment Inc
MNKD,MannKind Corporation Common Stock
AMLX,Amylyx Pharmaceuticals Inc
XNCR,Xencor Inc
OCFCP,OceanFirst Financial Corp
IESC,IES Holdings Inc
NSSC,NAPCO Security Technologies Inc
WTFCM,Wintrust Financial Corporation Fixed-to-Floating Rate Non-Cumulative Perpetual Preferred Stock Series D
TTEC,TTEC Holdings Inc
SMMT,Summit Therapeutics Inc
WSBCP,WesBanco Inc
PLMR,Palomar Holdings Inc
RLAY,Relay Therapeutics Inc
PDFS,PDF Solutions Inc
AMPL,Amplitude Inc
BCRX,BioCryst Pharmaceuticals Inc
OPK,OPKO Health Inc
MNTK,Montauk Renewables Inc
METCL,Ramaco Resources Inc
CNXN,PC Connection Inc
HTLF,Heartland Financial USA Inc
UNIT,Uniti Group Inc
RCKT,Rocket Pharmaceuticals Inc
ARVN,Arvinas Inc
MBIN,Merchants Bancorp Common Stock
LESL,Leslie's Inc
MATW,Matthews International Corporation Class A Common Stock
EVGO,EVgo Inc
LNZA,LanzaTech Global Inc
MCRI,Monarch Casino & Resort Inc
STER,Sterling Check Corp
CLMT,Calumet Specialty Products Partners L
WINA,Winmark Corporation Common Stock
AEHR,Aehr Test Systems Common Stock
NMRK,Newmark Group Inc
SAGE,Sage Therapeutics Inc
SNDX,Syndax Pharmaceuticals Inc
UFPT,UFP Technologies Inc
NMFC,New Mountain Finance Corporation Common Stock
CASH,Pathward Financial Inc
ALHC,Alignment Healthcare Inc
ANGI,Angi Inc
TWST,Twist Bioscience Corporation Common Stock
LMAT,LeMaitre Vascular Inc
WABC,Westamerica Bancorporation Common Stock
TCBK,TriCo Bancshares Common Stock
AMWD,American Woodmark Corporation Common Stock
ANIP,ANI Pharmaceuticals Inc
KALU,Kaiser Aluminum Corporation Common Stock
ETNB,89bio Inc
KFRC,Kforce Inc
HTLD,Heartland Express Inc
INDI,indie Semiconductor Inc
USLM,United States Lime & Minerals Inc
HOPE,Hope Bancorp Inc
CTKB,Cytek Biosciences Inc
JBSS,John B
SGH,SMART Global Holdings Inc
DCPH,Deciphera Pharmaceuticals Inc
TRUP,Trupanion Inc
HLIT,Harmonic Inc
IRON,Disc Medicine Inc
DSGR,Distribution Solutions Group Inc
KNSA,Kiniksa Pharmaceuticals Ltd
EVLV,Evolv Technologies Holdings Inc
ASTE,Astec Industries Inc
CBAY,CymaBay Therapeutics Inc
ECPG,Encore Capital Group Inc Common Stock
EMBC,Embecta Corp
CHEF,The Chefs' Warehouse Inc
MGNI,Magnite Inc
HWKN,Hawkins Inc
DAWN,Day One Biopharmaceuticals Inc
AVID,Avid Technology Inc
TVTX,Travere Therapeutics Inc
BUSE,First Busey Corporation Class A Common Stock
STBA,S&T Bancorp Inc
LGND,Ligand Pharmaceuticals Incorporated Common Stock
MBUU,Malibu Boats Inc
REPL,Replimune Group Inc
AVPT,AvePoint Inc
RDFN,Redfin Corporation Common Stock
DH,Definitive Healthcare Corp
SRCE,1st Source Corporation Common Stock
SHEN,Shenandoah Telecommunications Co Common Stock
ROVR,Rover Group Inc
DMLP,Dorchester Minerals L
VBTX,Veritex Holdings Inc
NXGN,NextGen Healthcare Inc
EWCZ,European Wax Center Inc
GDEN,Golden Entertainment Inc
APOG,Apogee Enterprises Inc
KYMR,Kymera Therapeutics Inc
BHFAN,Brighthouse Financial Inc
HCCI,Heritage-Crystal Clean Inc
DGII,Digi International Inc
PTGX,Protagonist Therapeutics Inc
EQRX,EQRx Inc
VERV,Verve Therapeutics Inc
PRDO,Perdoceo Education Corporation Common Stock
MNRO,Monro Inc
TRS,TriMas Corporation Common Stock
PLRX,Pliant Therapeutics Inc
OCFC,OceanFirst Financial Corp
CRNC,Cerence Inc
CMCO,Columbus McKinnon Corporation Common Stock
HAIN,Hain Celestial Group Inc
ADEA,Adeia Inc
SASR,Sandy Spring Bancorp Inc
SANA,Sana Biotechnology Inc
DCGO,DocGo Inc
TMCI,Treace Medical Concepts Inc
RXST,RxSight Inc
PTLO,Portillo's Inc
KROS,Keros Therapeutics Inc
FRG,Franchise Group Inc
NRC,National Research Corporation Common Stock (Delaware)
SAFT,Safety Insurance Group Inc
ACCD,Accolade Inc
KRUS,Kura Sushi USA Inc
ADMA,ADMA Biologics Inc Common Stock
COGT,Cogent Biosciences Inc
MBINP,Merchants Bancorp 7
IRBT,iRobot Corporation Common Stock
SSYS,Stratasys Ltd
AMSF,AMERISAFE Inc
CLSK,CleanSpark Inc
FLGT,Fulgent Genetics Inc
LPRO,Open Lending Corporation Common Stock
HTLFP,Heartland Financial USA Inc
ICHR,Ichor Holdings Ordinary Shares
MIRM,Mirum Pharmaceuticals Inc
PACW,PacWest Bancorp Common Stock
TASK,TaskUs Inc
RTL,The Necessity Retail REIT Inc
ARKO,ARKO Corp
SBSI,Southside Bancshares Inc
AUROW,Aurora Innovation Inc
PEBO,Peoples Bancorp Inc
BHFAM,Brighthouse Financial Inc
INFN,Infinera Corporation Common Stock
SLP,Simulations Plus Inc
POWL,Powell Industries Inc
FBMS,First Bancshares Inc
HCSG,Healthcare Services Group Inc
QTRX,Quanterix Corporation Common Stock
GIII,G-III Apparel Group LTD
LBAI,Lakeland Bancorp Inc
WEST,Westrock Coffee Company Common Stock
OXLC,Oxford Lane Capital Corp
CIFR,Cipher Mining Inc
PWP,Perella Weinberg Partners Class A Common Stock
CLNE,Clean Energy Fuels Corp
ALTI,AlTi Global Inc
EVBG,Everbridge Inc
CRNX,Crinetics Pharmaceuticals Inc
APPS,Digital Turbine Inc
PFBC,Preferred Bank Common Stock
ATRI,Atrion Corporation Common Stock
SBGI,Sinclair Inc
BRKL,Brookline Bancorp Inc
PNT,POINT Biopharma Global Inc
KIDS,OrthoPediatrics Corp
ADPT,Adaptive Biotechnologies Corporation Common Stock
IBCP,Independent Bank Corporation Common Stock
WRLD,World Acceptance Corporation Common Stock
RBCAA,Republic Bancorp Inc
MFIC,MidCap Financial Investment Corporation Common Stock
DCOM,Dime Community Bancshares Inc
SNCY,Sun Country Airlines Holdings Inc
ADV,Advantage Solutions Inc
ASTS,AST SpaceMobile Inc
CSWC,Capital Southwest Corporation Common Stock
SCHN,Schnitzer Steel Industries Inc
GABC,German American Bancorp Inc
QCRH,QCR Holdings Inc
INVA,Innoviva Inc
FRGAP,Franchise Group Inc
PHAT,Phathom Pharmaceuticals Inc
PLL,Piedmont Lithium Inc
SKIN,The Beauty Health Company Class A Common Stock
KURA,Kura Oncology Inc
MDXG,MiMedx Group Inc Common Stock
VRDN,Viridian Therapeutics Inc
ARDX,Ardelyx Inc
GDYN,Grid Dynamics Holdings Inc
BFC,Bank First Corporation Common Stock
RPAY,Repay Holdings Corporation Class A Common Stock
SIBN,SI-BONE Inc
HROWL,Harrow Health Inc
THRY,Thryv Holdings Inc
CFFN,Capitol Federal Financial Inc
IBRX,ImmunityBio Inc
CCRN,Cross Country Healthcare Inc
LANDM,Gladstone Land Corporation 5
OFLX,Omega Flex Inc
AMRK,A-Mark Precious Metals Inc
VREX,Varex Imaging Corporation Common Stock
SLRC,SLR Investment Corp
BIGC,BigCommerce Holdings Inc
NEXT,NextDecade Corporation Common Stock
BYND,Beyond Meat Inc
ACMR,ACM Research Inc
VSEC,VSE Corporation Common Stock
TTGT,TechTarget Inc
AVO,Mission Produce Inc
NYMT,New York Mortgage Trust Inc
COLL,Collegium Pharmaceutical Inc
WW,WW International Inc
SP,SP Plus Corporation Common Stock
MTTR,Matterport Inc
RAPT,RAPT Therapeutics Inc
LWLG,Lightwave Logic Inc
OM,Outset Medical Inc
RGNX,REGENXBIO Inc
CNOB,ConnectOne Bancorp Inc
AVTA,Avantax Inc
ULH,Universal Logistics Holdings Inc
SPTN,SpartanNash Company Common Stock
CDMO,Avid Bioservices Inc
GOODN,Gladstone Commercial Corporation 6
BJRI,BJ's Restaurants Inc
VERA,Vera Therapeutics Inc
SNPO,Snap One Holdings Corp
PLPC,Preformed Line Products Company Common Stock
SSP,E
COMM,CommScope Holding Company Inc
PRAA,PRA Group Inc
INNV,InnovAge Holding Corp
EGBN,Eagle Bancorp Inc
SILK,Silk Road Medical Inc
IIIV,i3 Verticals Inc
CGBD,Carlyle Secured Lending Inc
SAVA,Cassava Sciences Inc
ELVN,Enliven Therapeutics Inc
APLD,Applied Digital Corporation Common Stock
XMTR,Xometry Inc
FCEL,FuelCell Energy Inc
PFC,Premier Financial Corp
RMR,The RMR Group Inc
CLOV,Clover Health Investments Corp
MLAB,Mesa Laboratories Inc
AVXL,Anavex Life Sciences Corp
CRAI,CRA International Inc
CENX,Century Aluminum Company Common Stock
TRNS,Transcat Inc
TCPC,BlackRock TCP Capital Corp
GOODO,Gladstone Commercial Corporation 6
HCAT,Health Catalyst Inc Common Stock
RILYL,B
RILYM,B
CRMT,America's Car-Mart Inc Common Stock
DHC,Diversified Healthcare Trust Common Shares of Beneficial Interest
BASE,Couchbase Inc
NRDS,NerdWallet Inc
CNDT,Conduent Incorporated Common Stock 
DWACU,Digital World Acquisition Corp
PRTC,PureTech Health plc American Depositary Shares
EDIT,Editas Medicine Inc
SCSC,ScanSource Inc
FDMT,4D Molecular Therapeutics Inc
DMRC,Digimarc Corporation Common Stock
INBX,Inhibrx Inc
LANDO,Gladstone Land Corporation 6
LUNR,Intuitive Machines Inc
OSBC,Old Second Bancorp Inc
CHUY,Chuy's Holdings Inc
ALLO,Allogene Therapeutics Inc
CVLG,Covenant Logistics Group Inc
SCVL,Shoe Carnival Inc
CTBI,Community Trust Bancorp Inc
KE,Kimball Electronics Inc
NVAX,Novavax Inc
BLBD,Blue Bird Corporation Common Stock
LFMDP,LifeMD Inc
PUBM,PubMatic Inc
HSTM,HealthStream Inc
VMEO,Vimeo Inc
DYN,Dyne Therapeutics Inc
BMEA,Biomea Fusion Inc
MVST,Microvast Holdings Inc
AMTB,Amerant Bancorp Inc
TITN,Titan Machinery Inc
TYRA,Tyra Biosciences Inc
CYRX,CryoPort Inc
SPRY,ARS Pharmaceuticals Inc
HCKT,Hackett Group Inc (The)
RILYN,B
RILYP,B
RNA,Avidity Biosciences Inc
STCN,Steel Connect Inc
ATEX,Anterix Inc
CVGW,Calavo Growers Inc
DWAC,Digital World Acquisition Corp
HFWA,Heritage Financial Corporation Common Stock
BBSI,Barrett Business Services Inc
ME,23andMe Holding Co
DCOMP,Dime Community Bancshares Inc
GSBC,Great Southern Bancorp Inc
ADTN,ADTRAN Holdings Inc
ALPN,Alpine Immune Sciences Inc
BELFB,Bel Fuse Inc
RICK,RCI Hospitality Holdings Inc
CCAP,Crescent Capital BDC Inc
SNBR,Sleep Number Corporation Common Stock
ALEC,Alector Inc
IMXI,International Money Express Inc
HBT,HBT Financial Inc
CCSI,Consensus Cloud Solutions Inc
BLTE,Belite Bio Inc American Depositary Shares
HAYN,Haynes International Inc
TNGX,Tango Therapeutics Inc
RILYG,B
RILYT,B
NCMI,National CineMedia Inc
IRMD,iRadimed Corporation Common Stock
DOMO,Domo Inc
PAHC,Phibro Animal Health Corporation Class A Common Stock
CLFD,Clearfield Inc
FCBC,First Community Bankshares Inc
GPRO,GoPro Inc
BRY,Berry Corporation (bry) Common Stock
FORR,Forrester Research Inc
NEWTL,NewtekOne Inc
KELYA,Kelly Services Inc
GCBC,Greene County Bancorp Inc
YORW,York Water Company (The) Common Stock
HROW,Harrow Health Inc
CCB,Coastal Financial Corporation Common Stock
WALD,Waldencast plc Class A Ordinary Share
ATNI,ATN International Inc
FMBH,First Mid Bancshares Inc
JOUT,Johnson Outdoors Inc
TILE,Interface Inc
EFSCP,Enterprise Financial Services Corporation Depositary Shares Each Representing a 1/40th Interest in a Share of 5% Fixed Rate Non-Cumulative Perpetual Preferred Stock Series A
CRBU,Caribou Biosciences Inc
SCWX,SecureWorks Corp
GLDD,Great Lakes Dredge & Dock Corporation Common Stock
LAND,Gladstone Land Corporation Common Stock
AMAL,Amalgamated Financial Corp
SWBI,Smith & Wesson Brands Inc
TIPT,Tiptree Inc
PIII,P3 Health Partners Inc
JANX,Janux Therapeutics Inc
SOUN,SoundHound AI Inc Class A Common Stock
MOND,Mondee Holdings Inc
LIND,Lindblad Expeditions Holdings Inc
UVSP,Univest Financial Corporation Common Stock
DENN,Denny's Corporation Common Stock
RILYZ,B
HAFC,Hanmi Financial Corporation Common Stock
TRST,TrustCo Bank Corp NY Common Stock
CFB,CrossFirst Bankshares Inc
HIBB,Hibbett Inc
ASLE,AerSale Corporation Common Stock
HTBK,Heritage Commerce Corp Common Stock
ACRS,Aclaris Therapeutics Inc
ZEUS,Olympic Steel Inc
LQDT,Liquidity Services Inc
PETQ,PetIQ Inc
EOLS,Evolus Inc
ATRO,Astronics Corporation Common Stock
MBWM,Mercantile Bank Corporation Common Stock
LYEL,Lyell Immunopharma Inc
DXPE,DXP Enterprises Inc
GOOD,Gladstone Commercial Corporation Real Estate Investment Trust
TARS,Tarsus Pharmaceuticals Inc
RGP,Resources Connection Inc
HSII,Heidrick & Struggles International Inc
BLFS,BioLife Solutions Inc
KRNY,Kearny Financial Corp Common Stock
SCLX,Scilex Holding Company Common Stock
SHYF,The Shyft Group Inc
CTLP,Cantaloupe Inc
CCBG,Capital City Bank Group Common Stock
MVIS,MicroVision Inc
MCBS,MetroCity Bankshares Inc
MODV,ModivCare Inc
MKTW,MarketWise Inc
HLVX,HilleVax Inc
ARQT,Arcutis Biotherapeutics Inc
CABA,Cabaletta Bio Inc
CASS,Cass Information Systems Inc Common Stock
AMCX,AMC Networks Inc
WULF,TeraWulf Inc
RWAY,Runway Growth Finance Corp
MITK,Mitek Systems Inc
HBNC,Horizon Bancorp Inc
FRPH,FRP Holdings Inc
BFST,Business First Bancshares Inc
PTSI,P
SRDX,Surmodics Inc
TRIN,Trinity Capital Inc
CMPO,CompoSecure Inc
QNST,QuinStreet Inc
FLWS,1-800-FLOWERS
AMOT,Allied Motion Technologies Inc
NFBK,Northfield Bancorp Inc
HA,Hawaiian Holdings Inc
WASH,Washington Trust Bancorp Inc
CAC,Camden National Corporation Common Stock
LEGH,Legacy Housing Corporation Common Stock (TX)
ATLC,Atlanticus Holdings Corporation Common Stock
SVRA,Savara Inc
CDLX,Cardlytics Inc
SMBC,Southern Missouri Bancorp Inc
LASR,nLIGHT Inc
ANAB,AnaptysBio Inc
TRDA,Entrada Therapeutics Inc
FMNB,Farmers National Banc Corp
AGEN,Agenus Inc
ZYME,Zymeworks Inc
LBC,Luther Burbank Corporation Common Stock
CDNA,CareDx Inc
RBBN,Ribbon Communications Inc
CSTL,Castle Biosciences Inc
DHIL,Diamond Hill Investment Group Inc
MSBI,Midland States Bancorp Inc
PGC,Peapack-Gladstone Financial Corporation Common Stock
MYPS,PLAYSTUDIOS Inc
FDUS,Fidus Investment Corporation Common Stock
EYPT,EyePoint Pharmaceuticals Inc
NN,NextNav Inc
UFCS,United Fire Group Inc
MCRB,Seres Therapeutics Inc
CEVA,CEVA Inc
KRT,Karat Packaging Inc
SWIM,Latham Group Inc
DGICA,Donegal Group Inc
EZPW,EZCORP Inc
ARTNA,Artesian Resources Corporation Class A Common Stock
VITL,Vital Farms Inc
KVSA,Khosla Ventures Acquisition Co
IHRT,iHeartMedia Inc
RXT,Rackspace Technology Inc
FWRG,First Watch Restaurant Group Inc
AAOI,Applied Optoelectronics Inc
MCFT,MasterCraft Boat Holdings Inc
BWMN,Bowman Consulting Group Ltd
SOHON,Sotherly Hotels Inc
CECO,CECO Environmental Corp
BOOM,DMC Global Inc
OSUR,OraSure Technologies Inc
CCNEP,CNB Financial Corporation Depositary Shares each representing a 1/40th ownership interest in a share of 7
HONE,HarborOne Bancorp Inc
IGMS,IGM Biosciences Inc
RCEL,Avita Medical Inc
SFIX,Stitch Fix Inc
CATC,Cambridge Bancorp Common Stock
OSPN,OneSpan Inc
AMNB,American National Bankshares Inc
LQDA,Liquidia Corporation Common Stock
SPFI,South Plains Financial Inc
HDSN,Hudson Technologies Inc
THFF,First Financial Corporation Indiana Common Stock
CNSL,Consolidated Communications Holdings Inc
APLM,Apollomics Inc
ALDX,Aldeyra Therapeutics Inc
TCMD,Tactile Systems Technology Inc
EBIX,Ebix Inc
HIFS,Hingham Institution for Savings Common Stock
FFIC,Flushing Financial Corporation Common Stock
BBCP,Concrete Pumping Holdings Inc
NEWT,NewtekOne Inc
GAIN,Gladstone Investment Corporation Business Development Company
CGEM,Cullinan Oncology Inc
AIRS,AirSculpt Technologies Inc
LSEA,Landsea Homes Corporation Common Stock
NRIX,Nurix Therapeutics Inc
ORIC,Oric Pharmaceuticals Inc
METC,Ramaco Resources Inc
ONEW,OneWater Marine Inc
EGHT,8x8 Inc Common Stock
VTNR,Vertex Energy Inc Common Stock
EWTX,Edgewise Therapeutics Inc
CHRS,Coherus BioSciences Inc
GOCO,GoHealth Inc
OLMA,Olema Pharmaceuticals Inc
NBN,Northeast Bank Common Stock
ITOS,iTeos Therapeutics Inc
PLSE,Pulse Biosciences Inc Common Stock (DE)
PGEN,Precigen Inc
ICPT,Intercept Pharmaceuticals Inc
LIFW,MSP Recovery Inc
TDUP,ThredUp Inc
SLDP,Solid Power Inc
ABOS,Acumen Pharmaceuticals Inc
HTBI,HomeTrust Bancshares Inc
HUMA,Humacyte Inc
VYGR,Voyager Therapeutics Inc
SMBK,SmartFinancial Inc
LXRX,Lexicon Pharmaceuticals Inc
CCLDP,CareCloud Inc
LUNG,Pulmonx Corporation Common Stock
FFWM,First Foundation Inc
SHCR,Sharecare Inc
UHG,United Homes Group Inc Class A Common Stock
GLAD,Gladstone Capital Corporation Common Stock
DJCO,Daily Journal Corp
TSP,TuSimple Holdings Inc
AURA,Aura Biosciences Inc
DSGN,Design Therapeutics Inc
ESQ,Esquire Financial Holdings Inc
RDIB,Reading International Inc Class B Common Stock
HRZN,Horizon Technology Finance Corporation Common Stock
OTLK,Outlook Therapeutics Inc
INOD,Innodata Inc
BTMD,Biote Corp
SRRK,Scholar Rock Holding Corporation Common Stock
CCNE,CNB Financial Corporation Common Stock
ACTG,Acacia Research Corporation (Acacia Tech) Common Stock
MXCT,MaxCyte Inc
ERAS,Erasca Inc
FSBC,Five Star Bancorp Common Stock
FHTX,Foghorn Therapeutics Inc
PMVP,PMV Pharmaceuticals Inc
TAST,Carrols Restaurant Group Inc
BTM,Bitcoin Depot Inc
DSP,Viant Technology Inc
CBUS,Cibus Inc
ALRS,Alerus Financial Corporation Common Stock
SLGC,SomaLogic Inc
CSSEP,Chicken Soup for the Soul Entertainment Inc
NTGR,NETGEAR Inc
AMSWA,American Software Inc
TERN,Terns Pharmaceuticals Inc
NVEC,NVE Corporation Common Stock
BRLT,Brilliant Earth Group Inc
LPSN,LivePerson Inc
LOVE,The Lovesac Company Common Stock
SMTI,Sanara MedTech Inc
EXFY,Expensify Inc
GEVO,Gevo Inc
AVTE,Aerovate Therapeutics Inc
BVS,Bioventus Inc
THRN,Thorne Healthtech Inc
CVRX,CVRx Inc
SGHT,Sight Sciences Inc
DAKT,Daktronics Inc
LGVC,LAMF Global Ventures Corp
CHSCP,CHS Inc
LYTS,LSI Industries Inc
SENEA,Seneca Foods Corp
MPB,Mid Penn Bancorp Common Stock
BLNK,Blink Charging Co
ZUMZ,Zumiez Inc
LOCO,El Pollo Loco Holdings Inc
EBTC,Enterprise Bancorp Inc Common Stock
OPI,Office Properties Income Trust Common Shares of Beneficial Interest
MOFG,MidWestOne Financial Gp Common Stock
LMB,Limbach Holdings Inc
RRBI,Red River Bancshares Inc
QRTEA,Qurate Retail Inc
MGTX,MeiraGTx Holdings plc Ordinary Shares
SIGA,SIGA Technologies Inc
ORGO,Organogenesis Holdings Inc
FBNC,First Bancorp Common Stock
OCUL,Ocular Therapeutix Inc
SKYT,SkyWater Technology Inc
PNTG,The Pennant Group Inc
UTMD,Utah Medical Products Inc
SMMF,Summit Financial Group Inc
CERS,Cerus Corporation Common Stock
VNDA,Vanda Pharmaceuticals Inc
VLGEA,Village Super Market Inc
RSVR,Reservoir Media Inc
BAND,Bandwidth Inc
MGNX,MacroGenics Inc
INSE,Inspired Entertainment Inc
AVNW,Aviat Networks Inc
BMRC,Bank of Marin Bancorp Common Stock
AVAH,Aveanna Healthcare Holdings Inc
ALLK,Allakos Inc
PLCE,Children's Place Inc
MRNS,Marinus Pharmaceuticals Inc
ANGO,AngioDynamics Inc
CARE,Carter Bankshares Inc
CVGI,Commercial Vehicle Group Inc
ENTA,Enanta Pharmaceuticals Inc
MVBF,MVB Financial Corp
HNRG,Hallador Energy Company Common Stock
CMPX,Compass Therapeutics Inc
PFIS,Peoples Financial Services Corp
ALVR,AlloVir Inc
GLUE,Monte Rosa Therapeutics Inc
ICVX,Icosavax Inc
FARO,FARO Technologies Inc
SBT,Sterling Bancorp Inc
NATR,Nature's Sunshine Products Inc
MCBC,Macatawa Bank Corporation Common Stock
TWOU,2U Inc
CZNC,Citizens & Northern Corp Common Stock
WLDN,Willdan Group Inc
WTBA,West Bancorporation Common Stock
ZIMV,ZimVie Inc
VMD,Viemed Healthcare Inc
PRTH,Priority Technology Holdings Inc
LE,Lands' End Inc
BSRR,Sierra Bancorp Common Stock
NWPX,Northwest Pipe Company Common Stock
GPP,Green Plains Partners LP Common Units
AROW,Arrow Financial Corporation Common Stock
FLIC,First of Long Island Corporation (The) Common Stock
CLAR,Clarus Corporation Common Stock
SENEB,Seneca Foods Corp
XERS,Xeris Biopharma Holdings Inc
ATLCP,Atlanticus Holdings Corporation 7
DXLG,Destination XL Group Inc
NATH,Nathan's Famous Inc
ALTO,Alto Ingredients Inc
FFIE,Faraday Future Intelligent Electric Inc
INZY,Inozyme Pharma Inc
GRPN,Groupon Inc
AMSC,American Superconductor Corporation Common Stock
BAER,Bridger Aerospace Group Holdings Inc
LFCR,Lifecore Biomedical Inc
TSVT,2seventy bio Inc
CPZ,Calamos Long/Short Equity & Dynamic Income Trust Common Stock
ARAY,Accuray Incorporated Common Stock
VAXX,Vaxxinity Inc
GBIO,Generation Bio Co
LVOX,LiveVox Holdings Inc
BWB,Bridgewater Bancshares Inc
FCNCO,First Citizens BancShares Inc
FATE,Fate Therapeutics Inc
IVCP,Swiftmerge Acquisition Corp
HYZN,Hyzon Motors Inc
FNLC,First Bancorp Inc  (ME) Common Stock
FNKO,Funko Inc
RDVT,Red Violet Inc
CSTR,CapStar Financial Holdings Inc
CPSI,Computer Programs and Systems Inc
FISI,Financial Institutions Inc
OB,Outbrain Inc
WHF,WhiteHorse Finance Inc
ASUR,Asure Software Inc Common Stock
ACNB,ACNB Corporation Common Stock
PCYO,Pure Cycle Corporation Common Stock
ITIC,Investors Title Company Common Stock
FCNCP,First Citizens BancShares Inc
WLFC,Willis Lease Finance Corporation Common Stock
BTBT,Bit Digital Inc
FNGR,FingerMotion Inc
CUTR,Cutera Inc
VUZI,Vuzix Corporation Common Stock
GWRS,Global Water Resources Inc
TCBX,Third Coast Bancshares Inc
SPOK,Spok Holdings Inc
CIVB,Civista Bancshares Inc
KLTR,Kaltura Inc
IMRX,Immuneering Corporation Class A Common Stock
FDBC,Fidelity D & D Bancorp Inc
AVIR,Atea Pharmaceuticals Inc
CBNK,Capital Bancorp Inc
ANIK,Anika Therapeutics Inc
SAMG,Silvercrest Asset Management Group Inc
SCPH,scPharmaceuticals Inc
HBCP,Home Bancorp Inc
WSBF,Waterstone Financial Inc
TNYA,Tenaya Therapeutics Inc
LMNR,Limoneira Co Common Stock
VCSA,Vacasa Inc
ZYXI,Zynex Inc
XOMAO,XOMA Corporation Depositary Shares Rep Series B 8
PANL,Pangaea Logistics Solutions Ltd
TRHC,Tabula Rasa HealthCare Inc
FMAO,Farmers & Merchants Bancorp Inc
BLDE,Blade Air Mobility Inc
XOMAP,XOMA Corporation 8
EOSE,Eos Energy Enterprises Inc
FBIZ,First Business Financial Services Inc
AKYA,Akoya BioSciences Inc
HQI,HireQuest Inc
ATLX,Atlas Lithium Corporation Common Stock
NODK,NI Holdings Inc
HFFG,HF Foods Group Inc
REFI,Chicago Atlantic Real Estate Finance Inc
LINC,Lincoln Educational Services Corporation Common Stock
ILPT,Industrial Logistics Properties Trust Common Shares of Beneficial Interest
TALK,Talkspace Inc
SSTI,SoundThinking Inc
OBT,Orange County Bancorp Inc
RBB,RBB Bancorp Common Stock
JMSB,John Marshall Bancorp Inc
BCAL,Southern California Bancorp Common Stock
FATBP,FAT Brands Inc
DSKE,Daseke Inc
CDZI,CADIZ Inc
PETS,PetMed Express Inc
TTSH,Tile Shop Holdings Inc
AFCG,AFC Gamma Inc
CMTL,Comtech Telecommunications Corp
GOSS,Gossamer Bio Inc
NRIM,Northrim BanCorp Inc Common Stock
AXGN,Axogen Inc
BKCC,BlackRock Capital Investment Corporation Common Stock
LUNA,Luna Innovations Incorporated Common Stock
VCXAU,10X Capital Venture Acquisition Corp
TREE,LendingTree Inc
UONE,Urban One Inc
PMTS,CPI Card Group Inc
UNTY,Unity Bancorp Inc
PBPB,Potbelly Corporation Common Stock
STRO,Sutro Biopharma Inc
DLTH,Duluth Holdings Inc
FULC,Fulcrum Therapeutics Inc
UONEK,Urban One Inc
AMTX,Aemetis Inc
NVCT,Nuvectis Pharma Inc
GOEV,Canoo Inc
REAL,The RealReal Inc
CARM,Carisma Therapeutics Inc
III,Information Services Group Inc
FTCI,FTC Solar Inc
OMER,Omeros Corporation Common Stock
BLFY,Blue Foundry Bancorp Common Stock
TPIC,TPI Composites Inc
PBFS,Pioneer Bancorp Inc
OVID,Ovid Therapeutics Inc
CMAX,CareMax Inc
NECB,NorthEast Community Bancorp Inc
ASTSW,AST SpaceMobile Inc
AKBA,Akebia Therapeutics Inc
PRPL,Purple Innovation Inc
YMAB,Y-mAbs Therapeutics Inc
PKOH,Park-Ohio Holdings Corp
SDC,SmileDirectClub Inc
POWW,AMMO Inc
AIP,Arteris Inc
STOK,Stoke Therapeutics Inc
FSBW,FS Bancorp Inc
WEYS,Weyco Group Inc
FUND,Sprott Focus Trust Inc
EHTH,eHealth Inc
VSTM,Verastem Inc
NWFL,Norwood Financial Corp
TSBK,Timberland Bancorp Inc
PRTS,CarParts
ORRF,Orrstown Financial Services Inc Common Stock
SCWO,374Water Inc
CNVS,Cineverse Corp
BCML,BayCom Corp Common Stock
BSVN,Bank7 Corp
IMMR,Immersion Corporation Common Stock
HOFT,Hooker Furnishings Corporation Common Stock
OPRT,Oportun Financial Corporation Common Stock
EGRX,Eagle Pharmaceuticals Inc
ATXS,Astria Therapeutics Inc
BIRD,Allbirds Inc
SFST,Southern First Bancshares Inc
VIGL,Vigil Neuroscience Inc
FRST,Primis Financial Corp
MASS,908 Devices Inc
LAB,Standard BioTools Inc
RMNI,Rimini Street Inc
EGAN,eGain Corporation Common Stock
PSTX,Poseida Therapeutics Inc
SPWH,Sportsman's Warehouse Holdings Inc
FVCB,FVCBankcorp Inc
CRMD,CorMedix Inc
RLYB,Rallybio Corporation Common Stock
SHBI,Shore Bancshares Inc Common Stock
QIPT,Quipt Home Medical Corp
ESCA,Escalade Incorporated Common Stock
PCB,PCB Bancorp Common Stock
TELA,TELA Bio Inc
NUTX,Nutex Health Inc
CNTY,Century Casinos Inc
STRS,Stratus Properties Inc
USCB,USCB Financial Holdings Inc
FENC,Fennec Pharmaceuticals Inc
SQFTP,Presidio Property Trust Inc
STKS,The ONE Group Hospitality Inc
BWFG,Bankwell Financial Group Inc
FRGI,Fiesta Restaurant Group Inc
RANI,Rani Therapeutics Holdings Inc
PKBK,Parke Bancorp Inc
DWACW,Digital World Acquisition Corp
CELC,Celcuity Inc
PDLB,Ponce Financial Group Inc
CPSS,Consumer Portfolio Services Inc
OPRX,OptimizeRx Corporation Common Stock
VRA,Vera Bradley Inc
TUSK,Mammoth Energy Services Inc
SSBK,Southern States Bancshares Inc
VRCA,Verrica Pharmaceuticals Inc
OBIO,Orchestra BioMed Holdings Inc
RIGL,Rigel Pharmaceuticals Inc
INVE,Identiv Inc
MRAM,Everspin Technologies Inc
XFOR,X4 Pharmaceuticals Inc
CVLY,Codorus Valley Bancorp Inc Common Stock
TRUE,TrueCar Inc
WTER,The Alkaline Water Company Inc
ORGN,Origin Materials Inc
RRGB,Red Robin Gourmet Burgers Inc
PRLD,Prelude Therapeutics Incorporated Common Stock
VABK,Virginia National Bankshares Corporation Common Stock
ALXO,ALX Oncology Holdings Inc
MYFW,First Western Financial Inc
LIAN,LianBio American Depositary Shares
HEAR,Turtle Beach Corporation Common Stock
SWKH,SWK Holdings Corporation Common Stock
VRM,Vroom Inc
BCBP,BCB Bancorp Inc
EVER,EverQuote Inc
ATRA,Atara Biotherapeutics Inc
PFMT,Performant Financial Corporation Common Stock
BGFV,Big 5 Sporting Goods Corporation Common Stock
KPTI,Karyopharm Therapeutics Inc
AUGX,Augmedix Inc
PTMN,Portman Ridge Finance Corporation Common Stock
FSTR,L
SNFCA,Security National Financial Corporation Class A Common Stock
ITI,Iteris Inc
SMLR,Semler Scientific Inc
MFIN,Medallion Financial Corp
VOR,Vor Biopharma Inc
KLXE,KLX Energy Services Holdings Inc
KOPN,Kopin Corporation Common Stock
RPHM,Reneo Pharmaceuticals Inc
OMGA,Omega Therapeutics Inc
BPRN,Princeton Bancorp Inc
INBK,First Internet Bancorp Common Stock
RGCO,RGC Resources Inc
INBKZ,First Internet Bancorp 6
JAKK,JAKKS Pacific Inc
FLL,Full House Resorts Inc
VOXX,VOXX International Corporation Class A Common Stock
SKYX,SKYX Platforms Corp
HMST,HomeStreet Inc
CFFI,C&F Financial Corporation Common Stock
ANTX,AN2 Therapeutics Inc
COFS,ChoiceOne Financial Services Inc
IKNA,Ikena Oncology Inc
CBAN,Colony Bankcorp Inc
CVCY,Central Valley Community Bancorp Common Stock
LRMR,Larimar Therapeutics Inc
ZVRA,Zevra Therapeutics Inc
PCYG,Park City Group Inc
XOMA,XOMA Corporation Common Stock
OXSQ,Oxford Square Capital Corp
LYRA,Lyra Therapeutics Inc
ADVM,Adverum Biotechnologies Inc
HRTX,Heron Therapeutics Inc
SGMO,Sangamo Therapeutics Inc
ALCO,Alico Inc
SEER,Seer Inc
CLMB,Climb Global Solutions Inc
LCNB,LCNB Corporation Common Stock
ASRT,Assertio Holdings Inc
MNSB,MainStreet Bancshares Inc
ESPR,Esperion Therapeutics Inc
GRWG,GrowGeneration Corp
PBYI,Puma Biotechnology Inc Common Stock
TWIN,Twin Disc Incorporated Common Stock
MACK,Merrimack Pharmaceuticals Inc
IVVD,Invivyd Inc
ESSA,ESSA Bancorp Inc
RELL,Richardson Electronics Ltd
MTRX,Matrix Service Company Common Stock
ATOM,Atomera Incorporated Common Stock
CTRN,Citi Trends Inc
PRST,Presto Automation Inc
PNRG,PrimeEnergy Resources Corporation Common Stock
CRGE,Charge Enterprises Inc
NGM,NGM Biopharmaceuticals Inc
LAZY,Lazydays Holdings Inc
PVBC,Provident Bancorp Inc
MNSBP,MainStreet Bancshares Inc
HBIO,Harvard Bioscience Inc
ATLO,Ames National Corporation Common Stock
EVGOW,EVgo Inc
CAPR,Capricor Therapeutics Inc
BCOV,Brightcove Inc
BDTX,Black Diamond Therapeutics Inc
PESI,Perma-Fix Environmental Services Inc
SEEL,Seelos Therapeutics Inc
REKR,Rekor Systems Inc
MPAA,Motorcar Parts  of America Inc
FREE,Whole Earth Brands Inc
HYPR,Hyperfine Inc
FGFPP,FG Financial Group Inc
APYX,Apyx Medical Corporation Common Stock
NKSH,National Bankshares Inc
CCCC,C4 Therapeutics Inc
CCLP,CSI Compressco LP Common Units
IPSC,Century Therapeutics Inc
TGAN,Transphorm Inc
LVO,LiveOne Inc
PDSB,PDS Biotechnology Corporation Common Stock
CTG,Computer Task Group Inc
GRTS,Gritstone bio Inc
ABSI,Absci Corporation Common Stock
RCMT,RCM Technologies Inc
CARA,Cara Therapeutics Inc
MAPS,WM Technology Inc
ANNX,Annexon Inc
DIBS,1stdibs
SELB,Selecta Biosciences Inc
WKHS,Workhorse Group Inc
VGAS,Verde Clean Fuels Inc
LBPH,Longboard Pharmaceuticals Inc
MRSN,Mersana Therapeutics Inc
KOD,Kodiak Sciences Inc Common Stock
EGIO,Edgio Inc
MRCC,Monroe Capital Corporation Common Stock
ALT,Altimmune Inc
LFMD,LifeMD Inc
NKTR,Nektar Therapeutics  Common Stock
JYNT,The Joint Corp
SEVN,Seven Hills Realty Trust Common Stock
CALB,California BanCorp Common Stock
TLS,Telos Corporation Common Stock
LTRX,Lantronix Inc
CLPT,ClearPoint Neuro Inc
MINM,Minim Inc
TRVI,Trevi Therapeutics Inc
OPBK,OP Bancorp Common Stock
STRRP,Star Equity Holdings Inc
XBIT,XBiotech Inc
LCUT,Lifetime Brands Inc
NDLS,Noodles & Company Class A Common Stock
INMB,INmune Bio Inc
BSET,Bassett Furniture Industries Incorporated Common Stock
BLZE,Backblaze Inc
JSPR,Jasper Therapeutics Inc
DLHC,DLH Holdings Corp
GRPH,Graphite Bio Inc
CTXR,Citius Pharmaceuticals Inc
AADI,Aadi Bioscience Inc
PRAX,Praxis Precision Medicines Inc
NSTG,NanoString Technologies Inc
SGC,Superior Group of Companies Inc
HURC,Hurco Companies Inc
FEAM,5E Advanced Materials Inc
INGN,Inogen Inc Common Stock
LCA,Landcadia Holdings IV Inc
BIVI,BioVie Inc
WNEB,Western New England Bancorp Inc
WISH,ContextLogic Inc
FRLA,Fortune Rise Acquisition Corporation Class A Common Stock
ISSC,Innovative Solutions and Support Inc
OPTN,OptiNose Inc
AKTS,Akoustis Technologies Inc
CUE,Cue Biopharma Inc
ISTR,Investar Holding Corporation Common Stock
HNST,The Honest Company Inc
CDXS,Codexis Inc
FCCO,First Community Corporation Common Stock
MRBK,Meridian Corporation Common Stock
RCKY,Rocky Brands Inc
TSHA,Taysha Gene Therapies Inc
AREC,American Resources Corporation Class A Common Stock
GLSI,Greenwich LifeSciences Inc
FINW,FinWise Bancorp Common Stock
FGBI,First Guaranty Bancshares Inc
VIASP,Via Renewables Inc
THRX,Theseus Pharmaceuticals Inc
ROOT,Root Inc
OFS,OFS Capital Corporation Common Stock
WGS,GeneDx Holdings Corp
FATBB,FAT Brands Inc
RMBI,Richmond Mutual Bancorporation Inc
QRHC,Quest Resource Holding Corporation Common Stock
PEPG,PepGen Inc
HNVR,Hanover Bancorp Inc
ULBI,Ultralife Corporation Common Stock
SGA,Saga Communications Inc
PRDS,Pardes Biosciences Inc
TTOO,T2 Biosystems Inc
FRAF,Franklin Financial Services Corporation Common Stock
MAMA,Mama's Creations Inc
DBTX,Decibel Therapeutics Inc
CTSO,Cytosorbents Corporation Common Stock
USAP,Universal Stainless & Alloy Products Inc
FGEN,FibroGen Inc Common Stock
NB,NioCorp Developments Ltd
ASYS,Amtech Systems Inc
KNTE,Kinnate Biopharma Inc
FTHM,Fathom Holdings Inc
UEIC,Universal Electronics Inc
AOUT,American Outdoor Brands Inc
TALS,Talaris Therapeutics Inc
BTAI,BioXcel Therapeutics Inc
FAT,FAT Brands Inc
RVSB,Riverview Bancorp Inc Common Stock
FONR,Fonar Corporation Common Stock
BCAB,BioAtla Inc
PRTK,Paratek Pharmaceuticals Inc
SMID,Smith-Midland Corporation Common Stock
FNWB,First Northwest Bancorp Common Stock
BGXX,Bright Green Corporation Common Stock
HWBK,Hawthorn Bancshares Inc
NTIC,Northern Technologies International Corporation Common Stock
ADTH,AdTheorent Holding Company Inc
INO,Inovio Pharmaceuticals Inc
BNGO,Bionano Genomics Inc
EPSN,Epsilon Energy Ltd
ATOS,Atossa Therapeutics Inc
GEOS,Geospace Technologies Corporation Common Stock (Texas)
FNCB,FNCB Bancorp Inc
GNSS,Genasys Inc
UBFO,United Security Bancshares Common Stock
RMBL,RumbleOn Inc
CDXC,ChromaDex Corporation Common Stock
AQMS,Aqua Metals Inc
BANX,ArrowMark Financial Corp
KRMD,KORU Medical Systems Inc
MNOV,Medicinova Inc Common Stock
EML,Eastern Company (The) Common Stock
SMSI,Smith Micro Software Inc
NPCE,Neuropace Inc
HGBL,Heritage Global Inc
FSFG,First Savings Financial Group Inc
WHLRD,Wheeler Real Estate Investment Trust Inc
BDSX,Biodesix Inc
MMAT,Meta Materials Inc
ANIX,Anixa Biosciences Inc
AQST,Aquestive Therapeutics Inc
FCUV,Focus Universal Inc
PFSW,PFSweb Inc
XAIR,Beyond Air Inc
KZR,Kezar Life Sciences Inc
BVFL,BV Financial Inc
BSBK,Bogota Financial Corp
OCGN,Ocugen Inc
LIFE,aTyr Pharma Inc
AXTI,AXT Inc Common Stock
FUNC,First United Corporation Common Stock
PLBY,PLBY Group Inc
FFNW,First Financial Northwest Inc
KVHI,KVH Industries Inc
FOSL,Fossil Group Inc
CPHC,Canterbury Park Holding Corporation 'New' Common Stock
NAUT,Nautilus Biotechnolgy Inc
LWAY,Lifeway Foods Inc
BRID,Bridgford Foods Corporation Common Stock
CTMX,CytomX Therapeutics Inc
SOND,Sonder Holdings Inc
MINDP,MIND Technology Inc
CRVS,Corvus Pharmaceuticals Inc
NNBR,NN Inc
VXRT,Vaxart Inc Common Stock
FGMC,FG Merger Corp
MMLP,Martin Midstream Partners L
BFIN,BankFinancial Corporation Common Stock
DTOC,Digital Transformation Opportunities Corp
UNB,Union Bankshares Inc
RGF,The Real Good Food Company Inc
FNWD,Finward Bancorp Common Stock
RENB,Renovaro Biosciences Inc
ATHA,Athira Pharma Inc
FXNC,First National Corporation Common Stock
ALOT,AstroNova Inc
GLYC,GlycoMimetics Inc
LAKE,Lakeland Industries Inc
DTOCU,Digital Transformation Opportunities Corp
FLXS,Flexsteel Industries Inc
NOTV,Inotiv Inc
AENT,Alliance Entertainment Holding Corporation Class A Common Stock
SLAC,Social Leverage Acquisition Corp I Class A Common Stock
PAYS,Paysign Inc
CONN,Conn's Inc
MLGO,MicroAlgo Inc
ETON,Eton Pharmaceuticals Inc
QUIK,QuickLogic Corporation Common Stock
BEEM,Beam Global Common Stock
MNTX,Manitex International Inc
RENT,Rent the Runway Inc
VERU,Veru Inc
AXDX,Accelerate Diagnostics Inc
SNCR,Synchronoss Technologies Inc
VERI,Veritone Inc
SCYX,SCYNEXIS Inc
EBMT,Eagle Bancorp Montana Inc
TCRX,TScan Therapeutics Inc
APEI,American Public Education Inc
TZOO,Travelzoo Common Stock
CPTN,Cepton Inc
MAYS,J
PRCH,Porch Group Inc
GTHX,G1 Therapeutics Inc
MDWT,Midwest Holding Inc
UPLD,Upland Software Inc
CYT,Cyteir Therapeutics Inc
VCXA,10X Capital Venture Acquisition Corp
CMCT,Creative Media & Community Trust Corporation Common stock
PROV,Provident Financial Holdings Inc
NKTX,Nkarta Inc
PRPH,ProPhase Labs Inc
PYXS,Pyxis Oncology Inc
KRON,Kronos Bio Inc
ACHV,Achieve Life Sciences Inc
SBFG,SB Financial Group Inc
RLMD,Relmada Therapeutics Inc
SSSS,SuRo Capital Corp
VERY,Vericity Inc
TCRT,Alaunos Therapeutics Inc
NEOV,NeoVolta Inc
HOWL,Werewolf Therapeutics Inc
ACNT,Ascent Industries Co
STRT,STRATTEC SECURITY CORPORATION Common Stock
ACET,Adicet Bio Inc
IVAC,Intevac Inc
PSNL,Personalis Inc
KITT,Nauticus Robotics Inc
CSBR,Champions Oncology Inc
SIEB,Siebert Financial Corp
GSIT,GSI Technology Common Stock
APLT,Applied Therapeutics Inc
CRDF,Cardiff Oncology Inc
CODA,Coda Octopus Group Inc
STTK,Shattuck Labs Inc
GALT,Galectin Therapeutics Inc
CMRX,Chimerix Inc
DAVE,Dave Inc
TBNK,Territorial Bancorp Inc
OCUP,Ocuphire Pharma Inc
SPRB,Spruce Biosciences Inc
IMNM,Immunome Inc
BYRN,Byrna Technologies Inc
CXAI,CXApp Inc
DRRX,DURECT Corporation Common Stock
RVPH,Reviva Pharmaceuticals Holdings Inc
ASTR,Astra Space Inc
LVLU,Lulu's Fashion Lounge Holdings Inc
LIVE,Live Ventures Incorporated Common Stock
OCCI,OFS Credit Company Inc
FORA,Forian Inc
CASA,Casa Systems Inc
PFIE,Profire Energy Inc
CDTX,Cidara Therapeutics Inc
MCHX,Marchex Inc
WFCF,Where Food Comes From Inc
PXLW,Pixelworks Inc
SND,Smart Sand Inc
SYRS,Syros Pharmaceuticals Inc
CMLS,Cumulus Media Inc
OXLCP,Oxford Lane Capital Corp
IMUX,Immunic Inc
FLUX,Flux Power Holdings Inc
BKSC,Bank of South Carolina Corp
AUVIP,Applied UV Inc
RBKB,Rhinebeck Bancorp Inc
XLO,Xilio Therapeutics Inc
OMEX,Odyssey Marine Exploration Inc
GMGI,Golden Matrix Group Inc
EYEN,Eyenovia Inc
BWEN,Broadwind Inc
DMTK,DermTech Inc
VTVT,vTv Therapeutics Inc
IKT,Inhibikase Therapeutics Inc
ABEO,Abeona Therapeutics Inc
PCTI,PCTEL Inc
SLNG,Stabilis Solutions Inc
HCWB,HCW Biologics Inc
DMAC,DiaMedica Therapeutics Inc
DZSI,DZS Inc
HYMC,Hycroft Mining Holding Corporation Class A Common Stock
SCOR,comScore Inc
INSG,Inseego Corp
SLDB,Solid Biosciences Inc
TKNO,Alpha Teknova Inc
CRIS,Curis Inc
ANEB,Anebulo Pharmaceuticals Inc
PWFL,PowerFleet Inc
VIRC,Virco Manufacturing Corporation Common Stock
QUBT,Quantum Computing Inc
MKUL,Molekule Group Inc
TACT,TransAct Technologies Incorporated Common Stock
BYFC,Broadway Financial Corporation Common Stock
MULN,Mullen Automotive Inc
MESA,Mesa Air Group Inc
SERA,Sera Prognostics Inc
EVLO,Evelo Biosciences Inc
ZYNE,Zynerba Pharmaceuticals Inc
SOTK,Sono-Tek Corporation Common Stock
FBIO,Fortress Biotech Inc
AUID,authID Inc
SPRO,Spero Therapeutics Inc
GECC,Great Elm Capital Corp
LTBR,Lightbridge Corporation Common Stock
PPIH,Perma-Pipe International Holdings Inc
TECTP,Tectonic Financial Inc
VTSI,VirTra Inc
BZFD,BuzzFeed Inc
EAR,Eargo Inc
ELYM,Eliem Therapeutics Inc Common Stock
KPLT,Katapult Holdings Inc
TCBC,TC Bancshares Inc
LEE,Lee Enterprises Incorporated Common Stock
SURG,SurgePays Inc
BEAT,Heartbeam Inc
WRAP,Wrap Technologies Inc
FHLT,Future Health ESG Corp
FIXX,Homology Medicines Inc
IDEX,Ideanomics Inc
STRM,Streamline Health Solutions Inc
AVRO,AVROBIO Inc
CLOE,Clover Leaf Capital Corp
ADES,Advanced Emissions Solutions Inc
IPWR,Ideal Power Inc
SLDPW,Solid Power Inc
BCLI,Brainstorm Cell Therapeutics Inc
CLSD,Clearside Biomedical Inc
DARE,Dare Bioscience Inc
VTGN,VistaGen Therapeutics Inc
TAYD,Taylor Devices Inc
LFVN,Lifevantage Corporation Common Stock (Delaware)
LUCD,Lucid Diagnostics Inc
CSPI,CSP Inc
TPCS,TechPrecision Corporation Common stock
BBLGW,Bone Biologics Corp Warrants
LGVN,Longeveron Inc
TIL,Instil Bio Inc
ARKR,Ark Restaurants Corp
ICAD,iCAD Inc
RSSS,Research Solutions Inc Common Stock
GEG,Great Elm Group Inc
SCTL,Societal CDMO Inc
FEIM,Frequency Electronics Inc
TOI,The Oncology Institute Inc
INKT,MiNK Therapeutics Inc
QMCO,Quantum Corporation Common Stock
PPSI,Pioneer Power Solutions Inc
VANI,Vivani Medical Inc
KSCP,Knightscope Inc
NHTC,Natural Health Trends Corp
VIA,Via Renewables Inc
APCX,AppTech Payments Corp
NERV,Minerva Neurosciences Inc Common Stock
LPTH,LightPath Technologies Inc
DTIL,Precision BioSciences Inc
KTCC,Key Tronic Corporation Common Stock
RKDA,Arcadia Biosciences Inc
MVLA,Movella Holdings Inc
AEYE,AudioEye Inc
HOOK,HOOKIPA Pharma Inc
ROSE,Rose Hill Acquisition Corporation Class A Ordinary Shares
CELL,PhenomeX Inc
RDI,Reading International Inc Class A Common Stock
ITAQ,Industrial Tech Acquisitions II Inc
GOEVW,Canoo Inc
RVYL,Ryvyl Inc
CSSE,Chicken Soup for the Soul Entertainment Inc
PDEX,Pro-Dex Inc
SSIC,Silver Spike Investment Corp
HOUR,Hour Loop Inc
BAFN,BayFirst Financial Corp
HLTH,Cue Health Inc
DYAI,Dyadic International Inc
HSON,Hudson Global Inc
XOS,Xos Inc
GIFI,Gulf Island Fabrication Inc
LRFC,Logan Ridge Finance Corporation Common Stock
ICMB,Investcorp Credit Management BDC Inc
SRTS,Sensus Healthcare Inc
CLNN,Clene Inc
CELU,Celularity Inc
SELF,Global Self Storage Inc
LIDR,AEye Inc
ASRV,AmeriServ Financial Inc
CETY,Clean Energy Technologies Inc
MOVE,Movano Inc
SURF,Surface Oncology Inc
DUNE,Dune Acquisition Corporation Class A Common Stock
DUNEU,Dune Acquisition Corporation Unit
LOAN,Manhattan Bridge Capital Inc
ONDS,Ondas Holdings Inc
REFR,Research Frontiers Incorporated Common Stock
VIRX,Viracta Therapeutics Inc
FARM,Farmer Brothers Company Common Stock
SDIG,Stronghold Digital Mining Inc
GAIA,Gaia Inc
HNNA,Hennessy Advisors Inc
FRBK,Republic First Bancorp Inc
RAIL,FreightCar America Inc
FLNT,Fluent Inc
MYMD,MyMD Pharmaceuticals Inc
RZLT,Rezolute Inc
OESX,Orion Energy Systems Inc
ASMB,Assembly Biosciences Inc
LTRN,Lantern Pharma Inc
NXPL,NextPlat Corp Common Stock
VWE,Vintage Wine Estates Inc
RCAT,Red Cat Holdings Inc
ICCH,ICC Holdings Inc
ESOA,Energy Services of America Corporation Common Stock
CURI,CuriosityStream Inc
NSTS,NSTS Bancorp Inc
STIM,Neuronetics Inc
